Lx;Ly;Lz
29.853;-11375.5;-1761.25
29.8539;-11375.5;-1761.25
29.8547;-11375.4;-1761.25
29.8557;-11375.3;-1761.24
29.8584;-11375.2;-1761.23
29.8682;-11374.5;-1761.18
29.8784;-11373.9;-1761.14
29.8829;-11373.6;-1761.12
29.8844;-11373.5;-1761.11
29.8853;-11373.4;-1761.1
29.8862;-11373.4;-1761.1
29.8872;-11373.3;-1761.1
29.8881;-11373.2;-1761.09
29.8891;-11373.2;-1761.09
29.8899;-11373.1;-1761.08
29.8907;-11373.1;-1761.08
29.8924;-11373;-1761.07
29.8986;-11372.6;-1761.04
29.9102;-11371.8;-1760.99
29.9173;-11371.3;-1760.96
29.9194;-11371.2;-1760.95
29.9205;-11371.1;-1760.94
29.9214;-11371.1;-1760.94
29.9223;-11371;-1760.93
29.9233;-11371;-1760.93
29.9242;-11370.9;-1760.92
29.9251;-11370.8;-1760.92
29.9259;-11370.8;-1760.92
29.927;-11370.7;-1760.91
29.9305;-11370.5;-1760.89
29.9417;-11369.8;-1760.84
29.951;-11369.2;-1760.8
29.9545;-11368.9;-1760.78
29.9558;-11368.8;-1760.78
29.9567;-11368.8;-1760.77
29.9576;-11368.7;-1760.77
29.9586;-11368.7;-1760.76
29.9595;-11368.6;-1760.76
29.9604;-11368.5;-1760.76
29.9612;-11368.5;-1760.75
29.9622;-11368.4;-1760.75
29.9642;-11368.3;-1760.74
29.9722;-11367.8;-1760.7
29.9832;-11367.1;-1760.65
29.9889;-11366.7;-1760.62
29.9907;-11366.6;-1760.62
29.9916;-11366.5;-1760.61
29.9925;-11366.5;-1760.61
29.9935;-11366.4;-1760.6
29.9944;-11366.3;-1760.6
29.9954;-11366.3;-1760.59
29.9962;-11366.2;-1760.59
29.997;-11366.2;-1760.59
29.9984;-11366.1;-1760.58
30.003;-11365.8;-1760.56
30.0148;-11365;-1760.5
30.0231;-11364.5;-1760.47
30.0258;-11364.3;-1760.45
30.027;-11364.2;-1760.45
30.0279;-11364.2;-1760.44
30.0288;-11364.1;-1760.44
30.0298;-11364;-1760.43
30.0307;-11364;-1760.43
30.0316;-11363.9;-1760.43
30.0324;-11363.9;-1760.42
30.0334;-11363.8;-1760.42
30.036;-11363.6;-1760.41
30.0457;-11363;-1760.36
30.0559;-11362.3;-1760.31
30.0605;-11362;-1760.29
30.0619;-11362;-1760.29
30.0629;-11361.9;-1760.28
30.0638;-11361.8;-1760.28
30.0647;-11361.8;-1760.27
30.0657;-11361.7;-1760.27
30.0666;-11361.6;-1760.26
30.0674;-11361.6;-1760.26
30.0683;-11361.5;-1760.26
30.0699;-11361.4;-1760.25
30.076;-11361;-1760.22
30.0876;-11360.3;-1760.17
30.0947;-11359.8;-1760.13
30.0969;-11359.7;-1760.12
30.0979;-11359.6;-1760.12
30.0988;-11359.6;-1760.11
30.0998;-11359.5;-1760.11
30.1007;-11359.4;-1760.11
30.1016;-11359.4;-1760.1
30.1025;-11359.3;-1760.1
30.1033;-11359.3;-1760.09
30.1044;-11359.2;-1760.09
30.1078;-11359;-1760.07
30.1188;-11358.3;-1760.02
30.1282;-11357.6;-1759.98
30.1318;-11357.4;-1759.96
30.1331;-11357.3;-1759.95
30.134;-11357.3;-1759.95
30.1349;-11357.2;-1759.95
30.1359;-11357.1;-1759.94
30.1368;-11357.1;-1759.94
30.1377;-11357;-1759.93
30.1385;-11357;-1759.93
30.1394;-11356.9;-1759.93
30.1414;-11356.8;-1759.92
30.1491;-11356.3;-1759.88
30.1602;-11355.6;-1759.83
30.166;-11355.2;-1759.8
30.1678;-11355.1;-1759.79
30.1688;-11355;-1759.79
30.1697;-11354.9;-1759.79
30.1706;-11354.9;-1759.78
30.1716;-11354.8;-1759.78
30.1725;-11354.8;-1759.77
30.1733;-11354.7;-1759.77
30.1741;-11354.7;-1759.76
30.1754;-11354.6;-1759.76
30.1799;-11354.3;-1759.74
30.1915;-11353.5;-1759.68
30.1999;-11353;-1759.64
30.2027;-11352.8;-1759.63
30.2039;-11352.7;-1759.63
30.2048;-11352.7;-1759.62
30.2057;-11352.6;-1759.62
30.2067;-11352.5;-1759.61
30.2076;-11352.5;-1759.61
30.2085;-11352.4;-1759.6
30.2093;-11352.4;-1759.6
30.2103;-11352.3;-1759.6
30.2127;-11352.1;-1759.58
30.2221;-11351.5;-1759.54
30.2324;-11350.9;-1759.49
30.2371;-11350.6;-1759.47
30.2386;-11350.5;-1759.46
30.2396;-11350.4;-1759.46
30.2405;-11350.3;-1759.46
30.2414;-11350.3;-1759.45
30.2424;-11350.2;-1759.45
30.2433;-11350.2;-1759.44
30.2441;-11350.1;-1759.44
30.2449;-11350.1;-1759.44
30.2465;-11350;-1759.43
30.2522;-11349.6;-1759.4
30.2638;-11348.8;-1759.35
30.2711;-11348.3;-1759.31
30.2734;-11348.2;-1759.3
30.2744;-11348.1;-1759.3
30.2753;-11348.1;-1759.29
30.2763;-11348;-1759.29
30.2772;-11348;-1759.29
30.2782;-11347.9;-1759.28
30.279;-11347.8;-1759.28
30.2798;-11347.8;-1759.27
30.2809;-11347.7;-1759.27
30.2841;-11347.5;-1759.25
30.2948;-11346.8;-1759.2
30.3043;-11346.2;-1759.16
30.3081;-11345.9;-1759.14
30.3094;-11345.9;-1759.14
30.3103;-11345.8;-1759.13
30.3112;-11345.7;-1759.13
30.3122;-11345.7;-1759.12
30.3131;-11345.6;-1759.12
30.314;-11345.6;-1759.11
30.3148;-11345.5;-1759.11
30.3157;-11345.5;-1759.11
30.3175;-11345.3;-1759.1
30.3248;-11344.9;-1759.06
30.336;-11344.1;-1759.01
30.3421;-11343.7;-1758.98
30.344;-11343.6;-1758.98
30.345;-11343.5;-1758.97
30.3459;-11343.5;-1758.97
30.3468;-11343.4;-1758.96
30.3477;-11343.4;-1758.96
30.3487;-11343.3;-1758.95
30.3495;-11343.3;-1758.95
30.3503;-11343.2;-1758.95
30.3515;-11343.1;-1758.94
30.3557;-11342.9;-1758.92
30.3671;-11342.1;-1758.87
30.3758;-11341.5;-1758.83
30.3788;-11341.3;-1758.81
30.38;-11341.3;-1758.81
30.3809;-11341.2;-1758.8
30.3818;-11341.2;-1758.8
30.3828;-11341.1;-1758.8
30.3837;-11341;-1758.79
30.3846;-11341;-1758.79
30.3854;-11340.9;-1758.78
30.3863;-11340.9;-1758.78
30.3886;-11340.7;-1758.77
30.3975;-11340.1;-1758.73
30.408;-11339.5;-1758.68
30.413;-11339.1;-1758.65
30.4146;-11339;-1758.65
30.4155;-11339;-1758.64
30.4164;-11338.9;-1758.64
30.4173;-11338.8;-1758.63
30.4183;-11338.8;-1758.63
30.4192;-11338.7;-1758.63
30.42;-11338.7;-1758.62
30.4209;-11338.6;-1758.62
30.4223;-11338.5;-1758.61
30.4276;-11338.2;-1758.59
30.4392;-11337.4;-1758.53
30.4468;-11336.9;-1758.5
30.4493;-11336.8;-1758.49
30.4504;-11336.7;-1758.48
30.4513;-11336.6;-1758.48
30.4522;-11336.6;-1758.47
30.4531;-11336.5;-1758.47
30.4541;-11336.5;-1758.46
30.4549;-11336.4;-1758.46
30.4557;-11336.3;-1758.46
30.4568;-11336.3;-1758.45
30.4597;-11336.1;-1758.44
30.4699;-11335.4;-1758.39
30.4796;-11334.8;-1758.35
30.4837;-11334.5;-1758.33
30.4851;-11334.4;-1758.32
30.486;-11334.4;-1758.32
30.4869;-11334.3;-1758.31
30.4878;-11334.3;-1758.31
30.4888;-11334.2;-1758.3
30.4897;-11334.1;-1758.3
30.4905;-11334.1;-1758.29
30.4914;-11334;-1758.29
30.4931;-11333.9;-1758.28
30.4997;-11333.5;-1758.25
30.511;-11332.8;-1758.2
30.5175;-11332.3;-1758.17
30.5195;-11332.2;-1758.16
30.5205;-11332.1;-1758.15
30.5214;-11332.1;-1758.15
30.5224;-11332;-1758.15
30.5233;-11332;-1758.14
30.5242;-11331.9;-1758.14
30.5251;-11331.8;-1758.13
30.5259;-11331.8;-1758.13
30.527;-11331.7;-1758.12
30.5307;-11331.5;-1758.11
30.5418;-11330.7;-1758.06
30.5508;-11330.2;-1758.01
30.5541;-11329.9;-1758
30.5553;-11329.9;-1757.99
30.5562;-11329.8;-1757.99
30.5571;-11329.8;-1757.98
30.5581;-11329.7;-1757.98
30.559;-11329.6;-1757.98
30.5599;-11329.6;-1757.97
30.5607;-11329.5;-1757.97
30.5616;-11329.5;-1757.96
30.5637;-11329.3;-1757.95
30.5718;-11328.8;-1757.92
30.5825;-11328.1;-1757.87
30.5879;-11327.7;-1757.84
30.5896;-11327.6;-1757.83
30.5906;-11327.6;-1757.83
30.5915;-11327.5;-1757.82
30.5924;-11327.5;-1757.82
30.5934;-11327.4;-1757.82
30.5943;-11327.3;-1757.81
30.5951;-11327.3;-1757.81
30.596;-11327.2;-1757.8
30.5973;-11327.1;-1757.8
30.6019;-11326.8;-1757.78
30.6134;-11326.1;-1757.72
30.6215;-11325.6;-1757.68
30.6242;-11325.4;-1757.67
30.6253;-11325.3;-1757.67
30.6262;-11325.3;-1757.66
30.6271;-11325.2;-1757.66
30.6281;-11325.1;-1757.65
30.629;-11325.1;-1757.65
30.6299;-11325;-1757.65
30.6307;-11325;-1757.64
30.6317;-11324.9;-1757.64
30.6342;-11324.7;-1757.63
30.6437;-11324.1;-1757.58
30.6538;-11323.5;-1757.53
30.6583;-11323.2;-1757.51
30.6597;-11323.1;-1757.51
30.6607;-11323;-1757.5
30.6616;-11323;-1757.5
30.6625;-11322.9;-1757.49
30.6634;-11322.8;-1757.49
30.6644;-11322.8;-1757.49
30.6652;-11322.7;-1757.48
30.666;-11322.7;-1757.48
30.6676;-11322.6;-1757.47
30.6734;-11322.2;-1757.44
30.6848;-11321.4;-1757.39
30.6919;-11321;-1757.36
30.6942;-11320.8;-1757.35
30.6952;-11320.8;-1757.34
30.6961;-11320.7;-1757.34
30.697;-11320.6;-1757.33
30.698;-11320.6;-1757.33
30.6989;-11320.5;-1757.33
30.6997;-11320.5;-1757.32
30.7006;-11320.4;-1757.32
30.7016;-11320.3;-1757.31
30.7048;-11320.1;-1757.3
30.7154;-11319.5;-1757.25
30.7248;-11318.8;-1757.2
30.7285;-11318.6;-1757.19
30.7298;-11318.5;-1757.18
30.7307;-11318.5;-1757.18
30.7316;-11318.4;-1757.17
30.7325;-11318.3;-1757.17
30.7335;-11318.3;-1757.16
30.7344;-11318.2;-1757.16
30.7352;-11318.2;-1757.16
30.7361;-11318.1;-1757.15
30.7379;-11318;-1757.14
30.7451;-11317.5;-1757.11
30.7561;-11316.8;-1757.06
30.7621;-11316.4;-1757.03
30.764;-11316.3;-1757.02
30.765;-11316.2;-1757.02
30.7659;-11316.2;-1757.01
30.7668;-11316.1;-1757.01
30.7678;-11316;-1757
30.7687;-11316;-1757
30.7695;-11315.9;-1757
30.7704;-11315.9;-1756.99
30.7716;-11315.8;-1756.99
30.7755;-11315.5;-1756.97
30.7868;-11314.8;-1756.92
30.7954;-11314.2;-1756.88
30.7985;-11314;-1756.86
30.7997;-11314;-1756.86
30.8006;-11313.9;-1756.85
30.8015;-11313.9;-1756.85
30.8024;-11313.8;-1756.84
30.8033;-11313.7;-1756.84
30.8042;-11313.7;-1756.83
30.805;-11313.6;-1756.83
30.806;-11313.6;-1756.83
30.8082;-11313.4;-1756.82
30.8167;-11312.9;-1756.78
30.8271;-11312.2;-1756.73
30.8322;-11311.9;-1756.7
30.8338;-11311.7;-1756.7
30.8348;-11311.7;-1756.69
30.8357;-11311.6;-1756.69
30.8366;-11311.6;-1756.68
30.8375;-11311.5;-1756.68
30.8384;-11311.4;-1756.68
30.8393;-11311.4;-1756.67
30.8401;-11311.3;-1756.67
30.8415;-11311.3;-1756.66
30.8464;-11310.9;-1756.64
30.8578;-11310.2;-1756.59
30.8656;-11309.7;-1756.55
30.8682;-11309.5;-1756.54
30.8693;-11309.4;-1756.53
30.8702;-11309.4;-1756.53
30.8711;-11309.3;-1756.52
30.872;-11309.3;-1756.52
30.8729;-11309.2;-1756.51
30.8738;-11309.1;-1756.51
30.8746;-11309.1;-1756.51
30.8756;-11309;-1756.5
30.8783;-11308.9;-1756.49
30.888;-11308.2;-1756.44
30.8978;-11307.6;-1756.4
30.9021;-11307.3;-1756.38
30.9035;-11307.2;-1756.37
30.9044;-11307.2;-1756.37
30.9053;-11307.1;-1756.36
30.9062;-11307;-1756.36
30.9072;-11307;-1756.36
30.9081;-11306.9;-1756.35
30.9089;-11306.9;-1756.35
30.9097;-11306.8;-1756.34
30.9113;-11306.7;-1756.34
30.9174;-11306.3;-1756.31
30.9286;-11305.6;-1756.26
30.9355;-11305.1;-1756.22
30.9376;-11305;-1756.21
30.9386;-11304.9;-1756.21
30.9395;-11304.9;-1756.2
30.9404;-11304.8;-1756.2
30.9414;-11304.7;-1756.2
30.9423;-11304.7;-1756.19
30.9432;-11304.6;-1756.19
30.944;-11304.6;-1756.18
30.945;-11304.5;-1756.18
30.9483;-11304.3;-1756.16
30.959;-11303.6;-1756.11
30.9682;-11303;-1756.07
30.9717;-11302.8;-1756.05
30.973;-11302.7;-1756.05
30.9739;-11302.6;-1756.04
30.9748;-11302.6;-1756.04
30.9757;-11302.5;-1756.04
30.9767;-11302.4;-1756.03
30.9776;-11302.4;-1756.03
30.9784;-11302.3;-1756.02
30.9792;-11302.3;-1756.02
30.9811;-11302.2;-1756.01
30.9884;-11301.7;-1755.98
30.9992;-11301;-1755.93
31.0051;-11300.6;-1755.9
31.007;-11300.5;-1755.89
31.008;-11300.4;-1755.89
31.0088;-11300.3;-1755.88
31.0098;-11300.3;-1755.88
31.0107;-11300.2;-1755.87
31.0116;-11300.2;-1755.87
31.0125;-11300.1;-1755.86
31.0133;-11300.1;-1755.86
31.0145;-11300;-1755.86
31.0185;-11299.7;-1755.84
31.0297;-11299;-1755.78
31.0382;-11298.4;-1755.74
31.0412;-11298.2;-1755.73
31.0424;-11298.2;-1755.73
31.0433;-11298.1;-1755.72
31.0442;-11298;-1755.72
31.0451;-11298;-1755.71
31.046;-11297.9;-1755.71
31.0469;-11297.9;-1755.7
31.0477;-11297.8;-1755.7
31.0486;-11297.8;-1755.7
31.0509;-11297.6;-1755.69
31.0594;-11297.1;-1755.65
31.0697;-11296.4;-1755.6
31.0747;-11296.1;-1755.57
31.0763;-11296;-1755.57
31.0773;-11295.9;-1755.56
31.0782;-11295.8;-1755.56
31.0791;-11295.8;-1755.55
31.08;-11295.7;-1755.55
31.0809;-11295.7;-1755.55
31.0818;-11295.6;-1755.54
31.0826;-11295.5;-1755.54
31.0839;-11295.5;-1755.53
31.0889;-11295.1;-1755.51
31.1002;-11294.4;-1755.46
31.108;-11293.9;-1755.42
31.1105;-11293.7;-1755.41
31.1116;-11293.7;-1755.4
31.1125;-11293.6;-1755.4
31.1134;-11293.5;-1755.39
31.1143;-11293.5;-1755.39
31.1153;-11293.4;-1755.39
31.1161;-11293.4;-1755.38
31.1169;-11293.3;-1755.38
31.1179;-11293.3;-1755.37
31.1206;-11293.1;-1755.36
31.1302;-11292.5;-1755.32
31.1399;-11291.8;-1755.27
31.1442;-11291.5;-1755.25
31.1456;-11291.4;-1755.24
31.1466;-11291.4;-1755.24
31.1475;-11291.3;-1755.24
31.1484;-11291.3;-1755.23
31.1493;-11291.2;-1755.23
31.1502;-11291.1;-1755.22
31.151;-11291.1;-1755.22
31.1519;-11291;-1755.22
31.1534;-11290.9;-1755.21
31.1593;-11290.6;-1755.18
31.1705;-11289.8;-1755.13
31.1774;-11289.4;-1755.1
31.1796;-11289.2;-1755.09
31.1806;-11289.2;-1755.08
31.1815;-11289.1;-1755.08
31.1824;-11289;-1755.07
31.1834;-11289;-1755.07
31.1843;-11288.9;-1755.06
31.1851;-11288.9;-1755.06
31.1859;-11288.8;-1755.06
31.187;-11288.8;-1755.05
31.1902;-11288.5;-1755.04
31.2006;-11287.9;-1754.99
31.2098;-11287.3;-1754.94
31.2135;-11287;-1754.93
31.2148;-11286.9;-1754.92
31.2157;-11286.9;-1754.92
31.2166;-11286.8;-1754.91
31.2175;-11286.8;-1754.91
31.2184;-11286.7;-1754.9
31.2193;-11286.6;-1754.9
31.2201;-11286.6;-1754.9
31.221;-11286.5;-1754.89
31.2228;-11286.4;-1754.88
31.2298;-11286;-1754.85
31.2406;-11285.3;-1754.8
31.2466;-11284.9;-1754.77
31.2485;-11284.7;-1754.76
31.2495;-11284.7;-1754.76
31.2504;-11284.6;-1754.76
31.2513;-11284.6;-1754.75
31.2522;-11284.5;-1754.75
31.2532;-11284.4;-1754.74
31.254;-11284.4;-1754.74
31.2548;-11284.3;-1754.73
31.256;-11284.3;-1754.73
31.2598;-11284;-1754.71
31.2708;-11283.3;-1754.66
31.2794;-11282.7;-1754.62
31.2825;-11282.5;-1754.61
31.2837;-11282.5;-1754.6
31.2845;-11282.4;-1754.6
31.2854;-11282.3;-1754.59
31.2864;-11282.3;-1754.59
31.2873;-11282.2;-1754.58
31.2882;-11282.2;-1754.58
31.289;-11282.1;-1754.58
31.2899;-11282;-1754.57
31.292;-11281.9;-1754.56
31.3001;-11281.4;-1754.52
31.3104;-11280.7;-1754.47
31.3157;-11280.4;-1754.45
31.3173;-11280.3;-1754.44
31.3183;-11280.2;-1754.44
31.3192;-11280.1;-1754.43
31.3201;-11280.1;-1754.43
31.321;-11280;-1754.43
31.3219;-11280;-1754.42
31.3228;-11279.9;-1754.42
31.3236;-11279.9;-1754.41
31.3249;-11279.8;-1754.41
31.3295;-11279.5;-1754.39
31.3407;-11278.7;-1754.33
31.3486;-11278.2;-1754.3
31.3513;-11278;-1754.28
31.3524;-11278;-1754.28
31.3533;-11277.9;-1754.27
31.3542;-11277.9;-1754.27
31.3551;-11277.8;-1754.27
31.356;-11277.7;-1754.26
31.3569;-11277.7;-1754.26
31.3577;-11277.6;-1754.25
31.3586;-11277.6;-1754.25
31.3611;-11277.4;-1754.24
31.3702;-11276.8;-1754.2
31.3801;-11276.2;-1754.15
31.3846;-11275.9;-1754.13
31.3861;-11275.8;-1754.12
31.3871;-11275.7;-1754.12
31.3879;-11275.7;-1754.11
31.3889;-11275.6;-1754.11
31.3898;-11275.5;-1754.1
31.3907;-11275.5;-1754.1
31.3915;-11275.4;-1754.1
31.3923;-11275.4;-1754.09
31.3938;-11275.3;-1754.09
31.3993;-11274.9;-1754.06
31.4104;-11274.2;-1754.01
31.4177;-11273.7;-1753.97
31.42;-11273.6;-1753.96
31.421;-11273.5;-1753.96
31.4219;-11273.4;-1753.95
31.4228;-11273.4;-1753.95
31.4237;-11273.3;-1753.95
31.4247;-11273.3;-1753.94
31.4255;-11273.2;-1753.94
31.4263;-11273.2;-1753.93
31.4273;-11273.1;-1753.93
31.4302;-11272.9;-1753.92
31.4402;-11272.3;-1753.87
31.4496;-11271.6;-1753.83
31.4535;-11271.4;-1753.81
31.4549;-11271.3;-1753.8
31.4558;-11271.2;-1753.8
31.4567;-11271.2;-1753.79
31.4576;-11271.1;-1753.79
31.4585;-11271.1;-1753.78
31.4594;-11271;-1753.78
31.4602;-11270.9;-1753.78
31.4611;-11270.9;-1753.77
31.4627;-11270.8;-1753.76
31.4691;-11270.4;-1753.73
31.48;-11269.7;-1753.68
31.4865;-11269.2;-1753.65
31.4885;-11269.1;-1753.64
31.4895;-11269;-1753.64
31.4904;-11269;-1753.63
31.4913;-11268.9;-1753.63
31.4923;-11268.9;-1753.63
31.4932;-11268.8;-1753.62
31.494;-11268.7;-1753.62
31.4948;-11268.7;-1753.61
31.4959;-11268.6;-1753.61
31.4993;-11268.4;-1753.59
31.5099;-11267.7;-1753.54
31.5188;-11267.1;-1753.5
31.5222;-11266.9;-1753.49
31.5235;-11266.8;-1753.48
31.5244;-11266.8;-1753.48
31.5252;-11266.7;-1753.47
31.5262;-11266.7;-1753.47
31.5271;-11266.6;-1753.46
31.528;-11266.5;-1753.46
31.5288;-11266.5;-1753.46
31.5296;-11266.4;-1753.45
31.5315;-11266.3;-1753.44
31.5389;-11265.8;-1753.41
31.5494;-11265.1;-1753.36
31.5551;-11264.8;-1753.33
31.5569;-11264.6;-1753.32
31.5579;-11264.6;-1753.32
31.5588;-11264.5;-1753.32
31.5597;-11264.5;-1753.31
31.5606;-11264.4;-1753.31
31.5615;-11264.3;-1753.3
31.5624;-11264.3;-1753.3
31.5632;-11264.2;-1753.29
31.5644;-11264.2;-1753.29
31.5684;-11263.9;-1753.27
31.5793;-11263.2;-1753.22
31.5877;-11262.6;-1753.18
31.5906;-11262.4;-1753.17
31.5918;-11262.4;-1753.16
31.5927;-11262.3;-1753.16
31.5936;-11262.3;-1753.15
31.5945;-11262.2;-1753.15
31.5954;-11262.1;-1753.14
31.5963;-11262.1;-1753.14
31.5971;-11262;-1753.14
31.598;-11262;-1753.13
31.6001;-11261.8;-1753.12
31.6084;-11261.3;-1753.08
31.6185;-11260.6;-1753.04
31.6236;-11260.3;-1753.01
31.6252;-11260.2;-1753
31.6261;-11260.1;-1753
31.627;-11260.1;-1753
31.6279;-11260;-1752.99
31.6289;-11260;-1752.99
31.6298;-11259.9;-1752.98
31.6306;-11259.8;-1752.98
31.6314;-11259.8;-1752.98
31.6327;-11259.7;-1752.97
31.6374;-11259.4;-1752.95
31.6485;-11258.7;-1752.9
31.6562;-11258.2;-1752.86
31.6588;-11258;-1752.85
31.6599;-11257.9;-1752.84
31.6608;-11257.9;-1752.84
31.6617;-11257.8;-1752.83
31.6626;-11257.8;-1752.83
31.6636;-11257.7;-1752.83
31.6644;-11257.6;-1752.82
31.6652;-11257.6;-1752.82
31.6662;-11257.5;-1752.81
31.6686;-11257.4;-1752.8
31.6778;-11256.8;-1752.76
31.6875;-11256.1;-1752.71
31.6919;-11255.8;-1752.69
31.6934;-11255.7;-1752.69
31.6943;-11255.7;-1752.68
31.6952;-11255.6;-1752.68
31.6961;-11255.6;-1752.67
31.6971;-11255.5;-1752.67
31.6979;-11255.4;-1752.66
31.6988;-11255.4;-1752.66
31.6996;-11255.3;-1752.66
31.701;-11255.2;-1752.65
31.7065;-11254.9;-1752.62
31.7175;-11254.2;-1752.57
31.7246;-11253.7;-1752.54
31.7269;-11253.6;-1752.53
31.728;-11253.5;-1752.52
31.7289;-11253.4;-1752.52
31.7298;-11253.4;-1752.52
31.7307;-11253.3;-1752.51
31.7316;-11253.3;-1752.51
31.7325;-11253.2;-1752.5
31.7332;-11253.1;-1752.5
31.7343;-11253.1;-1752.49
31.7371;-11252.9;-1752.48
31.747;-11252.3;-1752.43
31.7563;-11251.6;-1752.39
31.7602;-11251.4;-1752.37
31.7616;-11251.3;-1752.37
31.7625;-11251.2;-1752.36
31.7634;-11251.2;-1752.36
31.7643;-11251.1;-1752.35
31.7652;-11251.1;-1752.35
31.7661;-11251;-1752.35
31.7669;-11251;-1752.34
31.7677;-11250.9;-1752.34
31.7694;-11250.8;-1752.33
31.7756;-11250.4;-1752.3
31.7864;-11249.7;-1752.25
31.7929;-11249.3;-1752.22
31.795;-11249.1;-1752.21
31.796;-11249.1;-1752.21
31.7969;-11249;-1752.2
31.7978;-11248.9;-1752.2
31.7987;-11248.9;-1752.19
31.7996;-11248.8;-1752.19
31.8004;-11248.8;-1752.19
31.8012;-11248.7;-1752.18
31.8023;-11248.6;-1752.18
31.8056;-11248.4;-1752.16
31.816;-11247.8;-1752.11
31.8249;-11247.2;-1752.07
31.8284;-11246.9;-1752.05
31.8296;-11246.9;-1752.05
31.8305;-11246.8;-1752.04
31.8314;-11246.8;-1752.04
31.8323;-11246.7;-1752.04
31.8332;-11246.6;-1752.03
31.8341;-11246.6;-1752.03
31.8349;-11246.5;-1752.02
31.8358;-11246.5;-1752.02
31.8376;-11246.3;-1752.01
31.8446;-11245.9;-1751.98
31.8551;-11245.2;-1751.93
31.861;-11244.8;-1751.9
31.8629;-11244.7;-1751.89
31.8638;-11244.6;-1751.89
31.8647;-11244.6;-1751.88
31.8656;-11244.5;-1751.88
31.8665;-11244.5;-1751.88
31.8674;-11244.4;-1751.87
31.8683;-11244.3;-1751.87
31.8691;-11244.3;-1751.86
31.8702;-11244.2;-1751.86
31.874;-11244;-1751.84
31.8847;-11243.3;-1751.79
31.8932;-11242.7;-1751.75
31.8962;-11242.5;-1751.74
31.8974;-11242.4;-1751.73
31.8983;-11242.4;-1751.73
31.8992;-11242.3;-1751.72
31.9001;-11242.3;-1751.72
31.901;-11242.2;-1751.71
31.9019;-11242.1;-1751.71
31.9027;-11242.1;-1751.71
31.9036;-11242;-1751.7
31.9056;-11241.9;-1751.69
31.9134;-11241.4;-1751.66
31.9236;-11240.7;-1751.61
31.9289;-11240.4;-1751.58
31.9306;-11240.3;-1751.58
31.9315;-11240.2;-1751.57
31.9324;-11240.2;-1751.57
31.9333;-11240.1;-1751.56
31.9342;-11240;-1751.56
31.9351;-11240;-1751.55
31.9359;-11239.9;-1751.55
31.9367;-11239.9;-1751.55
31.938;-11239.8;-1751.54
31.9423;-11239.5;-1751.52
31.9532;-11238.8;-1751.47
31.9612;-11238.3;-1751.43
31.9639;-11238.1;-1751.42
31.965;-11238;-1751.41
31.9659;-11238;-1751.41
31.9668;-11237.9;-1751.41
31.9677;-11237.9;-1751.4
31.9686;-11237.8;-1751.4
31.9695;-11237.7;-1751.39
31.9703;-11237.7;-1751.39
31.9712;-11237.6;-1751.39
31.9735;-11237.5;-1751.37
31.982;-11236.9;-1751.33
31.9918;-11236.3;-1751.29
31.9966;-11236;-1751.27
31.9982;-11235.9;-1751.26
31.9991;-11235.8;-1751.25
32;-11235.7;-1751.25
32.0009;-11235.7;-1751.25
32.0018;-11235.6;-1751.24
32.0027;-11235.6;-1751.24
32.0035;-11235.5;-1751.23
32.0043;-11235.5;-1751.23
32.0057;-11235.4;-1751.22
32.0105;-11235.1;-1751.2
32.0215;-11234.3;-1751.15
32.029;-11233.9;-1751.11
32.0315;-11233.7;-1751.1
32.0325;-11233.6;-1751.1
32.0334;-11233.6;-1751.09
32.0343;-11233.5;-1751.09
32.0352;-11233.4;-1751.09
32.0361;-11233.4;-1751.08
32.037;-11233.3;-1751.08
32.0378;-11233.3;-1751.07
32.0387;-11233.2;-1751.07
32.0413;-11233.1;-1751.06
32.0505;-11232.5;-1751.01
32.06;-11231.8;-1750.97
32.0643;-11231.6;-1750.95
32.0657;-11231.5;-1750.94
32.0666;-11231.4;-1750.94
32.0675;-11231.3;-1750.93
32.0684;-11231.3;-1750.93
32.0694;-11231.2;-1750.93
32.0702;-11231.2;-1750.92
32.071;-11231.1;-1750.92
32.0719;-11231.1;-1750.91
32.0733;-11231;-1750.91
32.0788;-11230.6;-1750.88
32.0897;-11229.9;-1750.83
32.0967;-11229.4;-1750.8
32.0989;-11229.3;-1750.79
32.1;-11229.2;-1750.78
32.1008;-11229.2;-1750.78
32.1017;-11229.1;-1750.77
32.1027;-11229;-1750.77
32.1036;-11229;-1750.76
32.1044;-11228.9;-1750.76
32.1052;-11228.9;-1750.76
32.1062;-11228.8;-1750.75
32.1091;-11228.6;-1750.74
32.1188;-11228;-1750.69
32.128;-11227.4;-1750.65
32.1319;-11227.1;-1750.63
32.1332;-11227.1;-1750.63
32.1341;-11227;-1750.62
32.135;-11226.9;-1750.62
32.1359;-11226.9;-1750.61
32.1368;-11226.8;-1750.61
32.1377;-11226.8;-1750.6
32.1385;-11226.7;-1750.6
32.1393;-11226.7;-1750.6
32.141;-11226.6;-1750.59
32.1471;-11226.2;-1750.56
32.1578;-11225.5;-1750.51
32.1642;-11225;-1750.48
32.1663;-11224.9;-1750.47
32.1673;-11224.8;-1750.47
32.1682;-11224.8;-1750.46
32.1691;-11224.7;-1750.46
32.17;-11224.7;-1750.45
32.1709;-11224.6;-1750.45
32.1717;-11224.5;-1750.45
32.1725;-11224.5;-1750.44
32.1736;-11224.4;-1750.44
32.1768;-11224.2;-1750.42
32.1869;-11223.6;-1750.37
32.1958;-11223;-1750.33
32.1993;-11222.7;-1750.32
32.2006;-11222.7;-1750.31
32.2014;-11222.6;-1750.31
32.2023;-11222.5;-1750.3
32.2032;-11222.5;-1750.3
32.2042;-11222.4;-1750.29
32.205;-11222.4;-1750.29
32.2058;-11222.3;-1750.29
32.2067;-11222.3;-1750.28
32.2084;-11222.1;-1750.27
32.2151;-11221.7;-1750.24
32.2256;-11221;-1750.19
32.2316;-11220.6;-1750.16
32.2335;-11220.5;-1750.16
32.2344;-11220.4;-1750.15
32.2353;-11220.4;-1750.15
32.2362;-11220.3;-1750.14
32.2371;-11220.3;-1750.14
32.238;-11220.2;-1750.13
32.2388;-11220.2;-1750.13
32.2396;-11220.1;-1750.13
32.2407;-11220;-1750.12
32.2443;-11219.8;-1750.1
32.2548;-11219.1;-1750.06
32.2633;-11218.6;-1750.02
32.2665;-11218.4;-1750
32.2677;-11218.3;-1750
32.2686;-11218.2;-1749.99
32.2694;-11218.2;-1749.99
32.2703;-11218.1;-1749.98
32.2713;-11218;-1749.98
32.2721;-11218;-1749.97
32.2729;-11217.9;-1749.97
32.2738;-11217.9;-1749.97
32.2757;-11217.8;-1749.96
32.283;-11217.3;-1749.92
32.2932;-11216.6;-1749.88
32.2987;-11216.2;-1749.85
32.3005;-11216.1;-1749.84
32.3014;-11216.1;-1749.84
32.3023;-11216;-1749.83
32.3032;-11216;-1749.83
32.3041;-11215.9;-1749.82
32.305;-11215.8;-1749.82
32.3058;-11215.8;-1749.82
32.3066;-11215.7;-1749.81
32.3078;-11215.7;-1749.81
32.3117;-11215.4;-1749.79
32.3224;-11214.7;-1749.74
32.3305;-11214.2;-1749.7
32.3335;-11214;-1749.69
32.3346;-11213.9;-1749.68
32.3355;-11213.8;-1749.68
32.3364;-11213.8;-1749.67
32.3373;-11213.7;-1749.67
32.3382;-11213.7;-1749.66
32.3391;-11213.6;-1749.66
32.3399;-11213.6;-1749.66
32.3407;-11213.5;-1749.65
32.3428;-11213.4;-1749.64
32.3507;-11212.9;-1749.6
32.3606;-11212.2;-1749.56
32.3658;-11211.9;-1749.53
32.3674;-11211.8;-1749.53
32.3683;-11211.7;-1749.52
32.3692;-11211.6;-1749.52
32.3701;-11211.6;-1749.51
32.371;-11211.5;-1749.51
32.3719;-11211.5;-1749.51
32.3727;-11211.4;-1749.5
32.3735;-11211.4;-1749.5
32.3748;-11211.3;-1749.49
32.3791;-11211;-1749.47
32.3899;-11210.3;-1749.42
32.3977;-11209.8;-1749.38
32.4004;-11209.6;-1749.37
32.4015;-11209.5;-1749.37
32.4024;-11209.5;-1749.36
32.4033;-11209.4;-1749.36
32.4042;-11209.4;-1749.35
32.4051;-11209.3;-1749.35
32.406;-11209.2;-1749.35
32.4067;-11209.2;-1749.34
32.4077;-11209.1;-1749.34
32.4099;-11209;-1749.33
32.4184;-11208.4;-1749.29
32.428;-11207.8;-1749.24
32.4328;-11207.5;-1749.22
32.4343;-11207.4;-1749.21
32.4353;-11207.3;-1749.21
32.4361;-11207.3;-1749.2
32.437;-11207.2;-1749.2
32.4379;-11207.2;-1749.2
32.4388;-11207.1;-1749.19
32.4396;-11207;-1749.19
32.4404;-11207;-1749.18
32.4418;-11206.9;-1749.18
32.4465;-11206.6;-1749.16
32.4573;-11205.9;-1749.1
32.4648;-11205.4;-1749.07
32.4673;-11205.2;-1749.06
32.4684;-11205.2;-1749.05
32.4692;-11205.1;-1749.05
32.4701;-11205.1;-1749.04
32.471;-11205;-1749.04
32.4719;-11204.9;-1749.04
32.4728;-11204.9;-1749.03
32.4735;-11204.8;-1749.03
32.4745;-11204.8;-1749.02
32.477;-11204.6;-1749.01
32.4859;-11204;-1748.97
32.4953;-11203.4;-1748.93
32.4997;-11203.1;-1748.91
32.5011;-11203;-1748.9
32.502;-11203;-1748.89
32.5029;-11202.9;-1748.89
32.5038;-11202.9;-1748.89
32.5047;-11202.8;-1748.88
32.5056;-11202.7;-1748.88
32.5064;-11202.7;-1748.87
32.5072;-11202.6;-1748.87
32.5086;-11202.5;-1748.86
32.5138;-11202.2;-1748.84
32.5245;-11201.5;-1748.79
32.5316;-11201;-1748.76
32.5339;-11200.9;-1748.74
32.535;-11200.8;-1748.74
32.5359;-11200.8;-1748.74
32.5367;-11200.7;-1748.73
32.5376;-11200.6;-1748.73
32.5385;-11200.6;-1748.72
32.5394;-11200.5;-1748.72
32.5402;-11200.5;-1748.72
32.5411;-11200.4;-1748.71
32.5438;-11200.2;-1748.7
32.5531;-11199.6;-1748.65
32.5622;-11199;-1748.61
32.5663;-11198.8;-1748.59
32.5677;-11198.7;-1748.59
32.5686;-11198.6;-1748.58
32.5695;-11198.6;-1748.58
32.5704;-11198.5;-1748.57
32.5713;-11198.4;-1748.57
32.5722;-11198.4;-1748.56
32.573;-11198.3;-1748.56
32.5738;-11198.3;-1748.56
32.5753;-11198.2;-1748.55
32.5809;-11197.8;-1748.52
32.5915;-11197.1;-1748.47
32.5982;-11196.7;-1748.44
32.6004;-11196.5;-1748.43
32.6014;-11196.5;-1748.43
32.6023;-11196.4;-1748.42
32.6032;-11196.4;-1748.42
32.6041;-11196.3;-1748.41
32.605;-11196.2;-1748.41
32.6058;-11196.2;-1748.41
32.6066;-11196.1;-1748.4
32.6076;-11196.1;-1748.4
32.6105;-11195.9;-1748.38
32.6201;-11195.3;-1748.34
32.629;-11194.7;-1748.3
32.6328;-11194.4;-1748.28
32.6342;-11194.3;-1748.27
32.635;-11194.3;-1748.27
32.6359;-11194.2;-1748.26
32.6368;-11194.2;-1748.26
32.6377;-11194.1;-1748.26
32.6386;-11194;-1748.25
32.6394;-11194;-1748.25
32.6402;-11193.9;-1748.24
32.6418;-11193.8;-1748.24
32.6478;-11193.4;-1748.21
32.6583;-11192.8;-1748.16
32.6647;-11192.3;-1748.13
32.6667;-11192.2;-1748.12
32.6677;-11192.1;-1748.11
32.6686;-11192.1;-1748.11
32.6695;-11192;-1748.11
32.6704;-11192;-1748.1
32.6713;-11191.9;-1748.1
32.6721;-11191.9;-1748.09
32.6729;-11191.8;-1748.09
32.6739;-11191.7;-1748.09
32.677;-11191.5;-1748.07
32.6869;-11190.9;-1748.02
32.6957;-11190.3;-1747.98
32.6992;-11190.1;-1747.97
32.7005;-11190;-1747.96
32.7014;-11189.9;-1747.96
32.7023;-11189.9;-1747.95
32.7032;-11189.8;-1747.95
32.7041;-11189.8;-1747.94
32.7049;-11189.7;-1747.94
32.7057;-11189.7;-1747.94
32.7066;-11189.6;-1747.93
32.7082;-11189.5;-1747.92
32.7146;-11189.1;-1747.89
32.725;-11188.4;-1747.85
32.7311;-11188;-1747.82
32.7331;-11187.9;-1747.81
32.734;-11187.8;-1747.8
32.7349;-11187.8;-1747.8
32.7358;-11187.7;-1747.79
32.7367;-11187.6;-1747.79
32.7376;-11187.6;-1747.79
32.7384;-11187.5;-1747.78
32.7392;-11187.5;-1747.78
32.7403;-11187.4;-1747.77
32.7436;-11187.2;-1747.76
32.7537;-11186.5;-1747.71
32.7622;-11186;-1747.67
32.7656;-11185.7;-1747.65
32.7668;-11185.7;-1747.65
32.7677;-11185.6;-1747.64
32.7686;-11185.6;-1747.64
32.7695;-11185.5;-1747.64
32.7704;-11185.4;-1747.63
32.7713;-11185.4;-1747.63
32.772;-11185.3;-1747.62
32.7729;-11185.3;-1747.62
32.7747;-11185.2;-1747.61
32.7814;-11184.7;-1747.58
32.7916;-11184;-1747.53
32.7974;-11183.7;-1747.5
32.7993;-11183.5;-1747.5
32.8003;-11183.5;-1747.49
32.8011;-11183.4;-1747.49
32.802;-11183.4;-1747.48
32.8029;-11183.3;-1747.48
32.8038;-11183.3;-1747.47
32.8046;-11183.2;-1747.47
32.8054;-11183.1;-1747.47
32.8065;-11183.1;-1747.46
32.81;-11182.8;-1747.45
32.8203;-11182.2;-1747.4
32.8286;-11181.6;-1747.36
32.8318;-11181.4;-1747.34
32.833;-11181.3;-1747.34
32.8339;-11181.3;-1747.33
32.8348;-11181.2;-1747.33
32.8357;-11181.2;-1747.32
32.8366;-11181.1;-1747.32
32.8374;-11181.1;-1747.32
32.8382;-11181;-1747.31
32.839;-11180.9;-1747.31
32.8409;-11180.8;-1747.3
32.848;-11180.4;-1747.27
32.858;-11179.7;-1747.22
32.8636;-11179.3;-1747.19
32.8653;-11179.2;-1747.18
32.8663;-11179.2;-1747.18
32.8671;-11179.1;-1747.18
32.868;-11179.1;-1747.17
32.8689;-11179;-1747.17
32.8698;-11178.9;-1747.16
32.8706;-11178.9;-1747.16
32.8714;-11178.8;-1747.16
32.8725;-11178.8;-1747.15
32.8763;-11178.5;-1747.13
32.8866;-11177.8;-1747.08
32.8948;-11177.3;-1747.05
32.8978;-11177.1;-1747.03
32.899;-11177;-1747.03
32.8998;-11177;-1747.02
32.9007;-11176.9;-1747.02
32.9016;-11176.9;-1747.01
32.9025;-11176.8;-1747.01
32.9033;-11176.7;-1747
32.9041;-11176.7;-1747
32.905;-11176.6;-1747
32.9069;-11176.5;-1746.99
32.9143;-11176;-1746.95
32.9241;-11175.4;-1746.91
32.9295;-11175;-1746.88
32.9312;-11174.9;-1746.87
32.9321;-11174.9;-1746.87
32.933;-11174.8;-1746.87
32.9339;-11174.7;-1746.86
32.9348;-11174.7;-1746.86
32.9356;-11174.6;-1746.85
32.9365;-11174.6;-1746.85
32.9372;-11174.5;-1746.84
32.9384;-11174.4;-1746.84
32.9423;-11174.2;-1746.82
32.9528;-11173.5;-1746.77
32.9607;-11173;-1746.73
32.9636;-11172.8;-1746.72
32.9647;-11172.7;-1746.72
32.9656;-11172.7;-1746.71
32.9665;-11172.6;-1746.71
32.9674;-11172.5;-1746.7
32.9683;-11172.5;-1746.7
32.9691;-11172.4;-1746.69
32.9699;-11172.4;-1746.69
32.9708;-11172.3;-1746.69
32.9728;-11172.2;-1746.68
32.9805;-11171.7;-1746.64
32.9902;-11171.1;-1746.6
32.9953;-11170.7;-1746.57
32.9969;-11170.6;-1746.56
32.9979;-11170.6;-1746.56
32.9987;-11170.5;-1746.55
32.9996;-11170.4;-1746.55
33.0005;-11170.4;-1746.55
33.0014;-11170.3;-1746.54
33.0022;-11170.3;-1746.54
33.003;-11170.2;-1746.53
33.0042;-11170.1;-1746.53
33.0083;-11169.9;-1746.51
33.0188;-11169.2;-1746.46
33.0266;-11168.7;-1746.42
33.0293;-11168.5;-1746.41
33.0305;-11168.4;-1746.4
33.0313;-11168.4;-1746.4
33.0322;-11168.3;-1746.4
33.0331;-11168.2;-1746.39
33.034;-11168.2;-1746.39
33.0348;-11168.1;-1746.38
33.0356;-11168.1;-1746.38
33.0365;-11168;-1746.38
33.0386;-11167.9;-1746.37
33.0465;-11167.4;-1746.33
33.0561;-11166.7;-1746.28
33.0611;-11166.4;-1746.26
33.0627;-11166.3;-1746.25
33.0636;-11166.3;-1746.25
33.0645;-11166.2;-1746.24
33.0653;-11166.1;-1746.24
33.0663;-11166.1;-1746.24
33.0671;-11166;-1746.23
33.0679;-11166;-1746.23
33.0687;-11165.9;-1746.22
33.07;-11165.8;-1746.22
33.0743;-11165.6;-1746.2
33.0848;-11164.9;-1746.15
33.0924;-11164.4;-1746.11
33.0951;-11164.2;-1746.1
33.0962;-11164.1;-1746.1
33.097;-11164.1;-1746.09
33.0979;-11164;-1746.09
33.0988;-11164;-1746.08
33.0997;-11163.9;-1746.08
33.1005;-11163.8;-1746.07
33.1013;-11163.8;-1746.07
33.1022;-11163.7;-1746.07
33.1044;-11163.6;-1746.06
33.1125;-11163.1;-1746.02
33.122;-11162.4;-1745.97
33.1268;-11162.1;-1745.95
33.1283;-11162;-1745.94
33.1292;-11162;-1745.94
33.1301;-11161.9;-1745.93
33.131;-11161.8;-1745.93
33.1319;-11161.8;-1745.93
33.1328;-11161.7;-1745.92
33.1336;-11161.7;-1745.92
33.1343;-11161.6;-1745.91
33.1356;-11161.5;-1745.91
33.1401;-11161.3;-1745.89
33.1506;-11160.6;-1745.84
33.158;-11160.1;-1745.8
33.1606;-11159.9;-1745.79
33.1617;-11159.8;-1745.79
33.1626;-11159.8;-1745.78
33.1634;-11159.7;-1745.78
33.1643;-11159.7;-1745.77
33.1652;-11159.6;-1745.77
33.1661;-11159.6;-1745.77
33.1668;-11159.5;-1745.76
33.1677;-11159.4;-1745.76
33.17;-11159.3;-1745.75
33.1783;-11158.8;-1745.71
33.1876;-11158.1;-1745.66
33.1922;-11157.8;-1745.64
33.1938;-11157.7;-1745.63
33.1947;-11157.7;-1745.63
33.1955;-11157.6;-1745.63
33.1964;-11157.6;-1745.62
33.1973;-11157.5;-1745.62
33.1982;-11157.4;-1745.61
33.199;-11157.4;-1745.61
33.1998;-11157.3;-1745.61
33.2011;-11157.3;-1745.6
33.2057;-11157;-1745.58
33.2161;-11156.3;-1745.53
33.2234;-11155.8;-1745.49
33.2259;-11155.6;-1745.48
33.227;-11155.6;-1745.48
33.2279;-11155.5;-1745.47
33.2287;-11155.4;-1745.47
33.2296;-11155.4;-1745.46
33.2305;-11155.3;-1745.46
33.2314;-11155.3;-1745.46
33.2321;-11155.2;-1745.45
33.233;-11155.2;-1745.45
33.2354;-11155;-1745.44
33.2438;-11154.5;-1745.4
33.253;-11153.9;-1745.35
33.2575;-11153.6;-1745.33
33.259;-11153.5;-1745.33
33.2599;-11153.4;-1745.32
33.2608;-11153.3;-1745.32
33.2616;-11153.3;-1745.31
33.2625;-11153.2;-1745.31
33.2634;-11153.2;-1745.3
33.2642;-11153.1;-1745.3
33.265;-11153.1;-1745.3
33.2663;-11153;-1745.29
